{
	"credit": "Made with Blockbench",
	"textures": {
		"particle": "item/cell_state/empty",
		"screen": "item/cell_state/empty",
		"bottom": "item/cell_state/move"
	},
	"elements": [
		{
			"from": [-16, 0, -16],
			"to": [32, 1, 32],
			"faces": {
				"north": {"uv": [0, 0, 16, 0.33333], "texture": "#bottom"},
				"east": {"uv": [0, 0, 16, 0.33333], "texture": "#bottom"},
				"south": {"uv": [0, 0, 16, 0.33333], "texture": "#bottom"},
				"west": {"uv": [0, 0, 16, 0.33333], "texture": "#bottom"},
				"up": {"uv": [0, 0, 16, 16], "texture": "#screen"},
				"down": {"uv": [0, 0, 16, 16], "texture": "#screen"}
			}
		}
	],
	"display": {
		"head": {
			"translation": [0, -6.25, 0],
			"scale": [1.6, 1.6, 1.6]
		}
	}
}