{
	"credit": "Made with Blockbench",
	"texture_size": [256, 256],
	"textures": {
		"0": "item/dragon",
		"particle": "item/dragon"
	},
	"elements": [
		{
			"name": "tail",
			"from": [7.51332, 7.14754, 9.49515],
			"to": [8.47332, 8.10754, 10.45515],
			"rotation": {"angle": 0, "axis": "y", "origin": [7.99973, 6.98924, 8.10452]},
			"faces": {
				"north": {"uv": [12.625, 7.125, 13.25, 7.75], "texture": "#0"},
				"east": {"uv": [12, 7.125, 12.625, 7.75], "texture": "#0"},
				"south": {"uv": [13.875, 7.125, 14.5, 7.75], "texture": "#0"},
				"west": {"uv": [13.25, 7.125, 13.875, 7.75], "texture": "#0"},
				"up": {"uv": [13.25, 7.125, 12.625, 6.5], "texture": "#0"},
				"down": {"uv": [13.875, 6.5, 13.25, 7.125], "texture": "#0"}
			}
		},
		{
			"name": "tail",
			"from": [7.89732, 8.10754, 9.68715],
			"to": [8.08932, 8.49154, 10.26315],
			"rotation": {"angle": 0, "axis": "y", "origin": [7.99973, 6.98924, 8.10452]},
			"faces": {
				"north": {"uv": [3.375, 0.375, 3.5, 0.625], "texture": "#0"},
				"east": {"uv": [3, 0.375, 3.375, 0.625], "texture": "#0"},
				"south": {"uv": [3.875, 0.375, 4, 0.625], "texture": "#0"},
				"west": {"uv": [3.5, 0.375, 3.875, 0.625], "texture": "#0"},
				"up": {"uv": [3.5, 0.375, 3.375, 0], "texture": "#0"},
				"down": {"uv": [3.625, 0, 3.5, 0.375], "texture": "#0"}
			}
		},
		{
			"name": "tail",
			"from": [7.51332, 7.14754, 10.45515],
			"to": [8.47332, 8.10754, 11.41515],
			"rotation": {"angle": 0, "axis": "y", "origin": [7.99973, 6.98924, 8.10452]},
			"faces": {
				"north": {"uv": [12.625, 7.125, 13.25, 7.75], "texture": "#0"},
				"east": {"uv": [12, 7.125, 12.625, 7.75], "texture": "#0"},
				"south": {"uv": [13.875, 7.125, 14.5, 7.75], "texture": "#0"},
				"west": {"uv": [13.25, 7.125, 13.875, 7.75], "texture": "#0"},
				"up": {"uv": [13.25, 7.125, 12.625, 6.5], "texture": "#0"},
				"down": {"uv": [13.875, 6.5, 13.25, 7.125], "texture": "#0"}
			}
		},
		{
			"name": "tail",
			"from": [7.89732, 8.10754, 10.64715],
			"to": [8.08932, 8.49154, 11.22315],
			"rotation": {"angle": 0, "axis": "y", "origin": [7.99973, 6.98924, 8.10452]},
			"faces": {
				"north": {"uv": [3.375, 0.375, 3.5, 0.625], "texture": "#0"},
				"east": {"uv": [3, 0.375, 3.375, 0.625], "texture": "#0"},
				"south": {"uv": [3.875, 0.375, 4, 0.625], "texture": "#0"},
				"west": {"uv": [3.5, 0.375, 3.875, 0.625], "texture": "#0"},
				"up": {"uv": [3.5, 0.375, 3.375, 0], "texture": "#0"},
				"down": {"uv": [3.625, 0, 3.5, 0.375], "texture": "#0"}
			}
		},
		{
			"name": "tail",
			"from": [7.51332, 7.14754, 11.41515],
			"to": [8.47332, 8.10754, 12.37515],
			"rotation": {"angle": 0, "axis": "y", "origin": [7.99973, 6.98924, 8.10452]},
			"faces": {
				"north": {"uv": [12.625, 7.125, 13.25, 7.75], "texture": "#0"},
				"east": {"uv": [12, 7.125, 12.625, 7.75], "texture": "#0"},
				"south": {"uv": [13.875, 7.125, 14.5, 7.75], "texture": "#0"},
				"west": {"uv": [13.25, 7.125, 13.875, 7.75], "texture": "#0"},
				"up": {"uv": [13.25, 7.125, 12.625, 6.5], "texture": "#0"},
				"down": {"uv": [13.875, 6.5, 13.25, 7.125], "texture": "#0"}
			}
		},
		{
			"name": "tail",
			"from": [7.89732, 8.10754, 11.60715],
			"to": [8.08932, 8.49154, 12.18315],
			"rotation": {"angle": 0, "axis": "y", "origin": [7.99973, 6.98924, 8.10452]},
			"faces": {
				"north": {"uv": [3.375, 0.375, 3.5, 0.625], "texture": "#0"},
				"east": {"uv": [3, 0.375, 3.375, 0.625], "texture": "#0"},
				"south": {"uv": [3.875, 0.375, 4, 0.625], "texture": "#0"},
				"west": {"uv": [3.5, 0.375, 3.875, 0.625], "texture": "#0"},
				"up": {"uv": [3.5, 0.375, 3.375, 0], "texture": "#0"},
				"down": {"uv": [3.625, 0, 3.5, 0.375], "texture": "#0"}
			}
		},
		{
			"name": "tail",
			"from": [7.51332, 7.14754, 12.37515],
			"to": [8.47332, 8.10754, 13.33515],
			"rotation": {"angle": 0, "axis": "y", "origin": [7.99973, 6.98924, 8.10452]},
			"faces": {
				"north": {"uv": [12.625, 7.125, 13.25, 7.75], "texture": "#0"},
				"east": {"uv": [12, 7.125, 12.625, 7.75], "texture": "#0"},
				"south": {"uv": [13.875, 7.125, 14.5, 7.75], "texture": "#0"},
				"west": {"uv": [13.25, 7.125, 13.875, 7.75], "texture": "#0"},
				"up": {"uv": [13.25, 7.125, 12.625, 6.5], "texture": "#0"},
				"down": {"uv": [13.875, 6.5, 13.25, 7.125], "texture": "#0"}
			}
		},
		{
			"name": "tail",
			"from": [7.89732, 8.10754, 12.56715],
			"to": [8.08932, 8.49154, 13.14315],
			"rotation": {"angle": 0, "axis": "y", "origin": [7.99973, 6.98924, 8.10452]},
			"faces": {
				"north": {"uv": [3.375, 0.375, 3.5, 0.625], "texture": "#0"},
				"east": {"uv": [3, 0.375, 3.375, 0.625], "texture": "#0"},
				"south": {"uv": [3.875, 0.375, 4, 0.625], "texture": "#0"},
				"west": {"uv": [3.5, 0.375, 3.875, 0.625], "texture": "#0"},
				"up": {"uv": [3.5, 0.375, 3.375, 0], "texture": "#0"},
				"down": {"uv": [3.625, 0, 3.5, 0.375], "texture": "#0"}
			}
		},
		{
			"name": "tail",
			"from": [7.51332, 7.14754, 13.33515],
			"to": [8.47332, 8.10754, 14.29515],
			"rotation": {"angle": 0, "axis": "y", "origin": [7.99973, 6.98924, 8.10452]},
			"faces": {
				"north": {"uv": [12.625, 7.125, 13.25, 7.75], "texture": "#0"},
				"east": {"uv": [12, 7.125, 12.625, 7.75], "texture": "#0"},
				"south": {"uv": [13.875, 7.125, 14.5, 7.75], "texture": "#0"},
				"west": {"uv": [13.25, 7.125, 13.875, 7.75], "texture": "#0"},
				"up": {"uv": [13.25, 7.125, 12.625, 6.5], "texture": "#0"},
				"down": {"uv": [13.875, 6.5, 13.25, 7.125], "texture": "#0"}
			}
		},
		{
			"name": "tail",
			"from": [7.89732, 8.10754, 13.52715],
			"to": [8.08932, 8.49154, 14.10315],
			"rotation": {"angle": 0, "axis": "y", "origin": [7.99973, 6.98924, 8.10452]},
			"faces": {
				"north": {"uv": [3.375, 0.375, 3.5, 0.625], "texture": "#0"},
				"east": {"uv": [3, 0.375, 3.375, 0.625], "texture": "#0"},
				"south": {"uv": [3.875, 0.375, 4, 0.625], "texture": "#0"},
				"west": {"uv": [3.5, 0.375, 3.875, 0.625], "texture": "#0"},
				"up": {"uv": [3.5, 0.375, 3.375, 0], "texture": "#0"},
				"down": {"uv": [3.625, 0, 3.5, 0.375], "texture": "#0"}
			}
		},
		{
			"name": "tail",
			"from": [7.51332, 7.14754, 14.29515],
			"to": [8.47332, 8.10754, 15.25515],
			"rotation": {"angle": 0, "axis": "y", "origin": [7.99973, 6.98924, 8.10452]},
			"faces": {
				"north": {"uv": [12.625, 7.125, 13.25, 7.75], "texture": "#0"},
				"east": {"uv": [12, 7.125, 12.625, 7.75], "texture": "#0"},
				"south": {"uv": [13.875, 7.125, 14.5, 7.75], "texture": "#0"},
				"west": {"uv": [13.25, 7.125, 13.875, 7.75], "texture": "#0"},
				"up": {"uv": [13.25, 7.125, 12.625, 6.5], "texture": "#0"},
				"down": {"uv": [13.875, 6.5, 13.25, 7.125], "texture": "#0"}
			}
		},
		{
			"name": "tail",
			"from": [7.89732, 8.10754, 14.48715],
			"to": [8.08932, 8.49154, 15.06315],
			"rotation": {"angle": 0, "axis": "y", "origin": [7.99973, 6.98924, 8.10452]},
			"faces": {
				"north": {"uv": [3.375, 0.375, 3.5, 0.625], "texture": "#0"},
				"east": {"uv": [3, 0.375, 3.375, 0.625], "texture": "#0"},
				"south": {"uv": [3.875, 0.375, 4, 0.625], "texture": "#0"},
				"west": {"uv": [3.5, 0.375, 3.875, 0.625], "texture": "#0"},
				"up": {"uv": [3.5, 0.375, 3.375, 0], "texture": "#0"},
				"down": {"uv": [3.625, 0, 3.5, 0.375], "texture": "#0"}
			}
		},
		{
			"name": "tail",
			"from": [7.51332, 9.72682, 14.56597],
			"to": [8.47332, 10.68682, 15.52597],
			"rotation": {"angle": 22.5, "axis": "x", "origin": [7.99973, 6.98924, 8.10452]},
			"faces": {
				"north": {"uv": [12.625, 7.125, 13.25, 7.75], "texture": "#0"},
				"east": {"uv": [12, 7.125, 12.625, 7.75], "texture": "#0"},
				"south": {"uv": [13.875, 7.125, 14.5, 7.75], "texture": "#0"},
				"west": {"uv": [13.25, 7.125, 13.875, 7.75], "texture": "#0"},
				"up": {"uv": [13.25, 7.125, 12.625, 6.5], "texture": "#0"},
				"down": {"uv": [13.875, 6.5, 13.25, 7.125], "texture": "#0"}
			}
		},
		{
			"name": "tail",
			"from": [7.89732, 10.68682, 14.75797],
			"to": [8.08932, 11.07082, 15.33397],
			"rotation": {"angle": 22.5, "axis": "x", "origin": [7.99973, 6.98924, 8.10452]},
			"faces": {
				"north": {"uv": [3.375, 0.375, 3.5, 0.625], "texture": "#0"},
				"east": {"uv": [3, 0.375, 3.375, 0.625], "texture": "#0"},
				"south": {"uv": [3.875, 0.375, 4, 0.625], "texture": "#0"},
				"west": {"uv": [3.5, 0.375, 3.875, 0.625], "texture": "#0"},
				"up": {"uv": [3.5, 0.375, 3.375, 0], "texture": "#0"},
				"down": {"uv": [3.625, 0, 3.5, 0.375], "texture": "#0"}
			}
		},
		{
			"name": "tail",
			"from": [7.51332, 9.72682, 15.52597],
			"to": [8.47332, 10.68682, 16.48597],
			"rotation": {"angle": 22.5, "axis": "x", "origin": [7.99973, 6.98924, 8.10452]},
			"faces": {
				"north": {"uv": [12.625, 7.125, 13.25, 7.75], "texture": "#0"},
				"east": {"uv": [12, 7.125, 12.625, 7.75], "texture": "#0"},
				"south": {"uv": [13.875, 7.125, 14.5, 7.75], "texture": "#0"},
				"west": {"uv": [13.25, 7.125, 13.875, 7.75], "texture": "#0"},
				"up": {"uv": [13.25, 7.125, 12.625, 6.5], "texture": "#0"},
				"down": {"uv": [13.875, 6.5, 13.25, 7.125], "texture": "#0"}
			}
		},
		{
			"name": "tail",
			"from": [7.89732, 10.68682, 15.71797],
			"to": [8.08932, 11.07082, 16.29397],
			"rotation": {"angle": 22.5, "axis": "x", "origin": [7.99973, 6.98924, 8.10452]},
			"faces": {
				"north": {"uv": [3.375, 0.375, 3.5, 0.625], "texture": "#0"},
				"east": {"uv": [3, 0.375, 3.375, 0.625], "texture": "#0"},
				"south": {"uv": [3.875, 0.375, 4, 0.625], "texture": "#0"},
				"west": {"uv": [3.5, 0.375, 3.875, 0.625], "texture": "#0"},
				"up": {"uv": [3.5, 0.375, 3.375, 0], "texture": "#0"},
				"down": {"uv": [3.625, 0, 3.5, 0.375], "texture": "#0"}
			}
		},
		{
			"name": "tail",
			"from": [7.51332, 9.72682, 16.48597],
			"to": [8.47332, 10.68682, 17.44597],
			"rotation": {"angle": 22.5, "axis": "x", "origin": [7.99973, 6.98924, 8.10452]},
			"faces": {
				"north": {"uv": [12.625, 7.125, 13.25, 7.75], "texture": "#0"},
				"east": {"uv": [12, 7.125, 12.625, 7.75], "texture": "#0"},
				"south": {"uv": [13.875, 7.125, 14.5, 7.75], "texture": "#0"},
				"west": {"uv": [13.25, 7.125, 13.875, 7.75], "texture": "#0"},
				"up": {"uv": [13.25, 7.125, 12.625, 6.5], "texture": "#0"},
				"down": {"uv": [13.875, 6.5, 13.25, 7.125], "texture": "#0"}
			}
		},
		{
			"name": "tail",
			"from": [7.89732, 10.68682, 16.67797],
			"to": [8.08932, 11.07082, 17.25397],
			"rotation": {"angle": 22.5, "axis": "x", "origin": [7.99973, 6.98924, 8.10452]},
			"faces": {
				"north": {"uv": [3.375, 0.375, 3.5, 0.625], "texture": "#0"},
				"east": {"uv": [3, 0.375, 3.375, 0.625], "texture": "#0"},
				"south": {"uv": [3.875, 0.375, 4, 0.625], "texture": "#0"},
				"west": {"uv": [3.5, 0.375, 3.875, 0.625], "texture": "#0"},
				"up": {"uv": [3.5, 0.375, 3.375, 0], "texture": "#0"},
				"down": {"uv": [3.625, 0, 3.5, 0.375], "texture": "#0"}
			}
		},
		{
			"name": "tail",
			"from": [7.51332, 9.72682, 17.44597],
			"to": [8.47332, 10.68682, 18.40597],
			"rotation": {"angle": 22.5, "axis": "x", "origin": [7.99973, 6.98924, 8.10452]},
			"faces": {
				"north": {"uv": [12.625, 7.125, 13.25, 7.75], "texture": "#0"},
				"east": {"uv": [12, 7.125, 12.625, 7.75], "texture": "#0"},
				"south": {"uv": [13.875, 7.125, 14.5, 7.75], "texture": "#0"},
				"west": {"uv": [13.25, 7.125, 13.875, 7.75], "texture": "#0"},
				"up": {"uv": [13.25, 7.125, 12.625, 6.5], "texture": "#0"},
				"down": {"uv": [13.875, 6.5, 13.25, 7.125], "texture": "#0"}
			}
		},
		{
			"name": "tail",
			"from": [7.89732, 10.68682, 17.63797],
			"to": [8.08932, 11.07082, 18.21397],
			"rotation": {"angle": 22.5, "axis": "x", "origin": [7.99973, 6.98924, 8.10452]},
			"faces": {
				"north": {"uv": [3.375, 0.375, 3.5, 0.625], "texture": "#0"},
				"east": {"uv": [3, 0.375, 3.375, 0.625], "texture": "#0"},
				"south": {"uv": [3.875, 0.375, 4, 0.625], "texture": "#0"},
				"west": {"uv": [3.5, 0.375, 3.875, 0.625], "texture": "#0"},
				"up": {"uv": [3.5, 0.375, 3.375, 0], "texture": "#0"},
				"down": {"uv": [3.625, 0, 3.5, 0.375], "texture": "#0"}
			}
		},
		{
			"name": "tail",
			"from": [7.51332, 9.72682, 18.40597],
			"to": [8.47332, 10.68682, 19.36597],
			"rotation": {"angle": 22.5, "axis": "x", "origin": [7.99973, 6.98924, 8.10452]},
			"faces": {
				"north": {"uv": [12.625, 7.125, 13.25, 7.75], "texture": "#0"},
				"east": {"uv": [12, 7.125, 12.625, 7.75], "texture": "#0"},
				"south": {"uv": [13.875, 7.125, 14.5, 7.75], "texture": "#0"},
				"west": {"uv": [13.25, 7.125, 13.875, 7.75], "texture": "#0"},
				"up": {"uv": [13.25, 7.125, 12.625, 6.5], "texture": "#0"},
				"down": {"uv": [13.875, 6.5, 13.25, 7.125], "texture": "#0"}
			}
		},
		{
			"name": "tail",
			"from": [7.89732, 10.68682, 18.59797],
			"to": [8.08932, 11.07082, 19.17397],
			"rotation": {"angle": 22.5, "axis": "x", "origin": [7.99973, 6.98924, 8.10452]},
			"faces": {
				"north": {"uv": [3.375, 0.375, 3.5, 0.625], "texture": "#0"},
				"east": {"uv": [3, 0.375, 3.375, 0.625], "texture": "#0"},
				"south": {"uv": [3.875, 0.375, 4, 0.625], "texture": "#0"},
				"west": {"uv": [3.5, 0.375, 3.875, 0.625], "texture": "#0"},
				"up": {"uv": [3.5, 0.375, 3.375, 0], "texture": "#0"},
				"down": {"uv": [3.625, 0, 3.5, 0.375], "texture": "#0"}
			}
		},
		{
			"name": "tail",
			"from": [7.51332, 9.72682, 19.36597],
			"to": [8.47332, 10.68682, 20.32597],
			"rotation": {"angle": 22.5, "axis": "x", "origin": [7.99973, 6.98924, 8.10452]},
			"faces": {
				"north": {"uv": [12.625, 7.125, 13.25, 7.75], "texture": "#0"},
				"east": {"uv": [12, 7.125, 12.625, 7.75], "texture": "#0"},
				"south": {"uv": [13.875, 7.125, 14.5, 7.75], "texture": "#0"},
				"west": {"uv": [13.25, 7.125, 13.875, 7.75], "texture": "#0"},
				"up": {"uv": [13.25, 7.125, 12.625, 6.5], "texture": "#0"},
				"down": {"uv": [13.875, 6.5, 13.25, 7.125], "texture": "#0"}
			}
		},
		{
			"name": "tail",
			"from": [7.89732, 10.68682, 19.55797],
			"to": [8.08932, 11.07082, 20.13397],
			"rotation": {"angle": 22.5, "axis": "x", "origin": [7.99973, 6.98924, 8.10452]},
			"faces": {
				"north": {"uv": [3.375, 0.375, 3.5, 0.625], "texture": "#0"},
				"east": {"uv": [3, 0.375, 3.375, 0.625], "texture": "#0"},
				"south": {"uv": [3.875, 0.375, 4, 0.625], "texture": "#0"},
				"west": {"uv": [3.5, 0.375, 3.875, 0.625], "texture": "#0"},
				"up": {"uv": [3.5, 0.375, 3.375, 0], "texture": "#0"},
				"down": {"uv": [3.625, 0, 3.5, 0.375], "texture": "#0"}
			}
		},
		{
			"name": "frontleg1",
			"from": [6.45732, 6.16322, 3.96063],
			"to": [7.22532, 8.46722, 4.72863],
			"shade": false,
			"rotation": {"angle": -22.5, "axis": "x", "origin": [7.99973, 6.98924, 8.10452]},
			"faces": {
				"north": {"uv": [8, 7, 7.5, 8.5], "texture": "#0"},
				"east": {"uv": [8.5, 7, 8, 8.5], "texture": "#0"},
				"south": {"uv": [9, 7, 8.5, 8.5], "texture": "#0"},
				"west": {"uv": [7.5, 7, 7, 8.5], "texture": "#0"},
				"up": {"uv": [7.5, 7, 8, 6.5], "texture": "#0"},
				"down": {"uv": [8, 6.5, 8.5, 7], "texture": "#0"}
			}
		},
		{
			"name": "frontlegtip",
			"from": [6.55332, 5.56281, 4.11654],
			"to": [7.12932, 7.86681, 4.69254],
			"shade": false,
			"rotation": {"angle": -45, "axis": "x", "origin": [7.99973, 6.98924, 8.10452]},
			"faces": {
				"north": {"uv": [14.875, 9, 14.5, 10.5], "texture": "#0"},
				"east": {"uv": [15.25, 9, 14.875, 10.5], "texture": "#0"},
				"south": {"uv": [15.625, 9, 15.25, 10.5], "texture": "#0"},
				"west": {"uv": [14.5, 9, 14.125, 10.5], "texture": "#0"},
				"up": {"uv": [14.5, 9, 14.875, 8.625], "texture": "#0"},
				"down": {"uv": [14.875, 8.625, 15.25, 9], "texture": "#0"}
			}
		},
		{
			"name": "frontfoot",
			"from": [6.45732, 1.68253, 7.75175],
			"to": [7.22532, 3.21853, 8.13575],
			"shade": false,
			"rotation": {"angle": 22.5, "axis": "x", "origin": [7.99973, 6.98924, 8.10452]},
			"faces": {
				"north": {"uv": [10, 7.5, 10.5, 6.5], "rotation": 180, "texture": "#0"},
				"east": {"uv": [11.5, 7.5, 10.5, 7.75], "rotation": 90, "texture": "#0"},
				"south": {"uv": [10.5, 6.5, 11, 7.5], "texture": "#0"},
				"west": {"uv": [10, 7.5, 9, 7.75], "rotation": 270, "texture": "#0"},
				"up": {"uv": [12, 7.5, 11.5, 7.75], "texture": "#0"},
				"down": {"uv": [10.5, 7.5, 10, 7.75], "rotation": 180, "texture": "#0"}
			}
		},
		{
			"name": "frontleg",
			"from": [8.76132, 6.16322, 3.96063],
			"to": [9.52932, 8.46722, 4.72863],
			"rotation": {"angle": -22.5, "axis": "x", "origin": [7.99973, 6.98924, 8.10452]},
			"faces": {
				"north": {"uv": [7.5, 7, 8, 8.5], "texture": "#0"},
				"east": {"uv": [7, 7, 7.5, 8.5], "texture": "#0"},
				"south": {"uv": [8.5, 7, 9, 8.5], "texture": "#0"},
				"west": {"uv": [8, 7, 8.5, 8.5], "texture": "#0"},
				"up": {"uv": [8, 7, 7.5, 6.5], "texture": "#0"},
				"down": {"uv": [8.5, 6.5, 8, 7], "texture": "#0"}
			}
		},
		{
			"name": "frontlegtip",
			"from": [8.85732, 5.56281, 4.11654],
			"to": [9.43332, 7.86681, 4.69254],
			"rotation": {"angle": -45, "axis": "x", "origin": [7.99973, 6.98924, 8.10452]},
			"faces": {
				"north": {"uv": [14.5, 9, 14.875, 10.5], "texture": "#0"},
				"east": {"uv": [14.125, 9, 14.5, 10.5], "texture": "#0"},
				"south": {"uv": [15.25, 9, 15.625, 10.5], "texture": "#0"},
				"west": {"uv": [14.875, 9, 15.25, 10.5], "texture": "#0"},
				"up": {"uv": [14.875, 9, 14.5, 8.625], "texture": "#0"},
				"down": {"uv": [15.25, 8.625, 14.875, 9], "texture": "#0"}
			}
		},
		{
			"name": "frontfoot",
			"from": [8.76132, 1.68253, 7.75175],
			"to": [9.52932, 3.21853, 8.13575],
			"rotation": {"angle": 22.5, "axis": "x", "origin": [7.99973, 6.98924, 8.10452]},
			"faces": {
				"north": {"uv": [10.5, 7.5, 10, 6.5], "rotation": 180, "texture": "#0"},
				"east": {"uv": [9, 7.5, 10, 7.75], "rotation": 90, "texture": "#0"},
				"south": {"uv": [11, 6.5, 10.5, 7.5], "texture": "#0"},
				"west": {"uv": [10.5, 7.5, 11.5, 7.75], "rotation": 270, "texture": "#0"},
				"up": {"uv": [11.5, 7.5, 12, 7.75], "texture": "#0"},
				"down": {"uv": [10, 7.5, 10.5, 7.75], "rotation": 180, "texture": "#0"}
			}
		},
		{
			"name": "rearleg1",
			"from": [5.68932, 3.46549, 7.50228],
			"to": [7.22532, 6.53749, 9.03828],
			"shade": false,
			"rotation": {"angle": -45, "axis": "x", "origin": [7.99973, 6.98924, 8.10452]},
			"faces": {
				"north": {"uv": [2, 1, 1, 3], "texture": "#0"},
				"east": {"uv": [3, 1, 2, 3], "texture": "#0"},
				"south": {"uv": [4, 1, 3, 3], "texture": "#0"},
				"west": {"uv": [1, 1, 0, 3], "texture": "#0"},
				"up": {"uv": [1, 1, 2, 0], "texture": "#0"},
				"down": {"uv": [2, 0, 3, 1], "texture": "#0"}
			}
		},
		{
			"name": "rearlegtip",
			"from": [5.88132, 5.79477, 10.67123],
			"to": [7.03332, 6.94677, 13.74323],
			"shade": false,
			"rotation": {"angle": 22.5, "axis": "x", "origin": [7.99973, 6.98924, 8.10452]},
			"faces": {
				"north": {"uv": [13, 0.75, 13.75, 0], "rotation": 180, "texture": "#0"},
				"east": {"uv": [14.5, 0.75, 13.75, 2.75], "rotation": 90, "texture": "#0"},
				"south": {"uv": [13.75, 0, 14.5, 0.75], "texture": "#0"},
				"west": {"uv": [13, 0.75, 12.25, 2.75], "rotation": 270, "texture": "#0"},
				"up": {"uv": [15.25, 0.75, 14.5, 2.75], "texture": "#0"},
				"down": {"uv": [13.75, 0.75, 13, 2.75], "rotation": 180, "texture": "#0"}
			}
		},
		{
			"name": "rearfoot",
			"from": [5.59332, 4.35477, 13.74323],
			"to": [7.32132, 6.65877, 14.31923],
			"shade": false,
			"rotation": {"angle": 22.5, "axis": "x", "origin": [7.99973, 6.98924, 8.10452]},
			"faces": {
				"north": {"uv": [8.5, 1.5, 9.625, 0], "rotation": 180, "texture": "#0"},
				"east": {"uv": [11.125, 1.5, 9.625, 1.875], "rotation": 90, "texture": "#0"},
				"south": {"uv": [9.625, 0, 10.75, 1.5], "texture": "#0"},
				"west": {"uv": [8.5, 1.5, 7, 1.875], "rotation": 270, "texture": "#0"},
				"up": {"uv": [12.25, 1.5, 11.125, 1.875], "texture": "#0"},
				"down": {"uv": [9.625, 1.5, 8.5, 1.875], "rotation": 180, "texture": "#0"}
			}
		},
		{
			"name": "rearleg",
			"from": [8.76132, 3.46549, 7.50228],
			"to": [10.29732, 6.53749, 9.03828],
			"rotation": {"angle": -45, "axis": "x", "origin": [7.99973, 6.98924, 8.10452]},
			"faces": {
				"north": {"uv": [1, 1, 2, 3], "texture": "#0"},
				"east": {"uv": [0, 1, 1, 3], "texture": "#0"},
				"south": {"uv": [3, 1, 4, 3], "texture": "#0"},
				"west": {"uv": [2, 1, 3, 3], "texture": "#0"},
				"up": {"uv": [2, 1, 1, 0], "texture": "#0"},
				"down": {"uv": [3, 0, 2, 1], "texture": "#0"}
			}
		},
		{
			"name": "rearlegtip",
			"from": [8.95332, 5.79477, 10.67123],
			"to": [10.10532, 6.94677, 13.74323],
			"rotation": {"angle": 22.5, "axis": "x", "origin": [7.99973, 6.98924, 8.10452]},
			"faces": {
				"north": {"uv": [13.75, 0.75, 13, 0], "rotation": 180, "texture": "#0"},
				"east": {"uv": [12.25, 0.75, 13, 2.75], "rotation": 90, "texture": "#0"},
				"south": {"uv": [14.5, 0, 13.75, 0.75], "texture": "#0"},
				"west": {"uv": [13.75, 0.75, 14.5, 2.75], "rotation": 270, "texture": "#0"},
				"up": {"uv": [14.5, 0.75, 15.25, 2.75], "texture": "#0"},
				"down": {"uv": [13, 0.75, 13.75, 2.75], "rotation": 180, "texture": "#0"}
			}
		},
		{
			"name": "rearfoot",
			"from": [8.66532, 4.35477, 13.74323],
			"to": [10.39332, 6.65877, 14.31923],
			"rotation": {"angle": 22.5, "axis": "x", "origin": [7.99973, 6.98924, 8.10452]},
			"faces": {
				"north": {"uv": [9.625, 1.5, 8.5, 0], "rotation": 180, "texture": "#0"},
				"east": {"uv": [7, 1.5, 8.5, 1.875], "rotation": 90, "texture": "#0"},
				"south": {"uv": [10.75, 0, 9.625, 1.5], "texture": "#0"},
				"west": {"uv": [9.625, 1.5, 11.125, 1.875], "rotation": 270, "texture": "#0"},
				"up": {"uv": [11.125, 1.5, 12.25, 1.875], "texture": "#0"},
				"down": {"uv": [8.5, 1.5, 9.625, 1.875], "rotation": 180, "texture": "#0"}
			}
		},
		{
			"name": "wingtip1",
			"from": [-1.42743, 11.53156, 4.50219],
			"to": [3.95049, 11.53348, 9.88011],
			"shade": false,
			"rotation": {"angle": 22.5, "axis": "z", "origin": [7.99973, 6.98924, 8.10452]},
			"faces": {
				"north": {"uv": [3.5, 12.5, 0, 12.5], "texture": "#0"},
				"east": {"uv": [7, 12.5, 3.5, 12.5], "texture": "#0"},
				"south": {"uv": [10.5, 12.5, 7, 12.5], "texture": "#0"},
				"west": {"uv": [0, 12.5, -3.5, 12.5], "texture": "#0"},
				"up": {"uv": [0, 12.5, 3.5, 9], "texture": "#0"},
				"down": {"uv": [3.5, 9, 7, 12.5], "texture": "#0"}
			}
		},
		{
			"name": "wingtip1",
			"from": [-1.42647, 11.34052, 4.11915],
			"to": [3.94953, 11.72452, 4.50315],
			"shade": false,
			"rotation": {"angle": 22.5, "axis": "z", "origin": [7.99973, 6.98924, 8.10452]},
			"faces": {
				"north": {"uv": [10.75, 8.75, 7.25, 9], "texture": "#0"},
				"east": {"uv": [11, 8.75, 10.75, 9], "texture": "#0"},
				"south": {"uv": [14.5, 8.75, 11, 9], "texture": "#0"},
				"west": {"uv": [7.25, 8.75, 7, 9], "texture": "#0"},
				"up": {"uv": [7.25, 8.75, 10.75, 8.5], "texture": "#0"},
				"down": {"uv": [10.75, 8.5, 14.25, 8.75], "texture": "#0"}
			}
		},
		{
			"name": "wing1",
			"from": [1.78869, 7.18904, 4.50219],
			"to": [7.16661, 7.19096, 9.88011],
			"shade": false,
			"rotation": {"angle": -22.5, "axis": "z", "origin": [7.99973, 6.98924, 8.10452]},
			"faces": {
				"north": {"uv": [3.5, 9, 0, 9], "texture": "#0"},
				"east": {"uv": [7, 9, 3.5, 9], "texture": "#0"},
				"south": {"uv": [10.5, 9, 7, 9], "texture": "#0"},
				"west": {"uv": [0, 9, -3.5, 9], "texture": "#0"},
				"up": {"uv": [0, 9, 3.5, 5.5], "texture": "#0"},
				"down": {"uv": [3.5, 5.5, 7, 9], "texture": "#0"}
			}
		},
		{
			"name": "wing1",
			"from": [1.78965, 6.806, 3.92715],
			"to": [7.16565, 7.574, 4.69515],
			"shade": false,
			"rotation": {"angle": -22.5, "axis": "z", "origin": [7.99973, 6.98924, 8.10452]},
			"faces": {
				"north": {"uv": [11, 6, 7.5, 6.5], "texture": "#0"},
				"east": {"uv": [11.5, 6, 11, 6.5], "texture": "#0"},
				"south": {"uv": [15, 6, 11.5, 6.5], "texture": "#0"},
				"west": {"uv": [7.5, 6, 7, 6.5], "texture": "#0"},
				"up": {"uv": [7.5, 6, 11, 5.5], "texture": "#0"},
				"down": {"uv": [11, 5.5, 14.5, 6], "texture": "#0"}
			}
		},
		{
			"name": "wing",
			"from": [8.92953, 6.94852, 3.92715],
			"to": [14.30553, 7.71652, 4.69515],
			"rotation": {"angle": 22.5, "axis": "z", "origin": [7.99973, 6.98924, 8.10452]},
			"faces": {
				"north": {"uv": [7.5, 6, 11, 6.5], "texture": "#0"},
				"east": {"uv": [7, 6, 7.5, 6.5], "texture": "#0"},
				"south": {"uv": [11.5, 6, 15, 6.5], "texture": "#0"},
				"west": {"uv": [11, 6, 11.5, 6.5], "texture": "#0"},
				"up": {"uv": [11, 6, 7.5, 5.5], "texture": "#0"},
				"down": {"uv": [14.5, 5.5, 11, 6], "texture": "#0"}
			}
		},
		{
			"name": "wing",
			"from": [8.92857, 7.33156, 4.50219],
			"to": [14.30649, 7.33348, 9.88011],
			"rotation": {"angle": 22.5, "axis": "z", "origin": [7.99973, 6.98924, 8.10452]},
			"faces": {
				"north": {"uv": [0, 9, 3.5, 9], "texture": "#0"},
				"east": {"uv": [-3.5, 9, 0, 9], "texture": "#0"},
				"south": {"uv": [7, 9, 10.5, 9], "texture": "#0"},
				"west": {"uv": [3.5, 9, 7, 9], "texture": "#0"},
				"up": {"uv": [3.5, 9, 0, 5.5], "texture": "#0"},
				"down": {"uv": [7, 5.5, 3.5, 9], "texture": "#0"}
			}
		},
		{
			"name": "wingtip",
			"from": [12.14565, 11.498, 4.11915],
			"to": [17.52165, 11.882, 4.50315],
			"rotation": {"angle": -22.5, "axis": "z", "origin": [7.99973, 6.98924, 8.10452]},
			"faces": {
				"north": {"uv": [7.25, 8.75, 10.75, 9], "texture": "#0"},
				"east": {"uv": [7, 8.75, 7.25, 9], "texture": "#0"},
				"south": {"uv": [11, 8.75, 14.5, 9], "texture": "#0"},
				"west": {"uv": [10.75, 8.75, 11, 9], "texture": "#0"},
				"up": {"uv": [10.75, 8.75, 7.25, 8.5], "texture": "#0"},
				"down": {"uv": [14.25, 8.5, 10.75, 8.75], "texture": "#0"}
			}
		},
		{
			"name": "wingtip",
			"from": [12.14469, 11.68904, 4.50219],
			"to": [17.52261, 11.69096, 9.88011],
			"rotation": {"angle": -22.5, "axis": "z", "origin": [7.99973, 6.98924, 8.10452]},
			"faces": {
				"north": {"uv": [0, 12.5, 3.5, 12.5], "texture": "#0"},
				"east": {"uv": [-3.5, 12.5, 0, 12.5], "texture": "#0"},
				"south": {"uv": [7, 12.5, 10.5, 12.5], "texture": "#0"},
				"west": {"uv": [3.5, 12.5, 7, 12.5], "texture": "#0"},
				"up": {"uv": [3.5, 12.5, 0, 9], "texture": "#0"},
				"down": {"uv": [7, 9, 3.5, 12.5], "texture": "#0"}
			}
		},
		{
			"name": "body",
			"from": [6.84132, 5.89954, 3.35115],
			"to": [9.14532, 8.20354, 9.49515],
			"rotation": {"angle": 0, "axis": "y", "origin": [7.99973, 6.98924, 8.10452]},
			"faces": {
				"north": {"uv": [4, 4, 5.5, 5.5], "texture": "#0"},
				"east": {"uv": [0, 4, 4, 5.5], "texture": "#0"},
				"south": {"uv": [9.5, 4, 11, 5.5], "texture": "#0"},
				"west": {"uv": [5.5, 4, 9.5, 5.5], "texture": "#0"},
				"up": {"uv": [5.5, 4, 4, 0], "texture": "#0"},
				"down": {"uv": [7, 0, 5.5, 4], "texture": "#0"}
			}
		},
		{
			"name": "body",
			"from": [7.89732, 8.20354, 3.92715],
			"to": [8.08932, 8.77954, 5.07915],
			"rotation": {"angle": 0, "axis": "y", "origin": [7.99973, 6.98924, 8.10452]},
			"faces": {
				"north": {"uv": [14.5, 4.0625, 14.625, 4.4375], "texture": "#0"},
				"east": {"uv": [13.75, 4.0625, 14.5, 4.4375], "texture": "#0"},
				"south": {"uv": [15.375, 4.0625, 15.5, 4.4375], "texture": "#0"},
				"west": {"uv": [14.625, 4.0625, 15.375, 4.4375], "texture": "#0"},
				"up": {"uv": [14.625, 4.0625, 14.5, 3.3125], "texture": "#0"},
				"down": {"uv": [14.75, 3.3125, 14.625, 4.0625], "texture": "#0"}
			}
		},
		{
			"name": "body",
			"from": [7.89732, 8.20354, 5.84715],
			"to": [8.08932, 8.77954, 6.99915],
			"rotation": {"angle": 0, "axis": "y", "origin": [7.99973, 6.98924, 8.10452]},
			"faces": {
				"north": {"uv": [14.5, 4.0625, 14.625, 4.4375], "texture": "#0"},
				"east": {"uv": [13.75, 4.0625, 14.5, 4.4375], "texture": "#0"},
				"south": {"uv": [15.375, 4.0625, 15.5, 4.4375], "texture": "#0"},
				"west": {"uv": [14.625, 4.0625, 15.375, 4.4375], "texture": "#0"},
				"up": {"uv": [14.625, 4.0625, 14.5, 3.3125], "texture": "#0"},
				"down": {"uv": [14.75, 3.3125, 14.625, 4.0625], "texture": "#0"}
			}
		},
		{
			"name": "body",
			"from": [7.89732, 8.20354, 7.76715],
			"to": [8.08932, 8.77954, 8.91915],
			"rotation": {"angle": 0, "axis": "y", "origin": [7.99973, 6.98924, 8.10452]},
			"faces": {
				"north": {"uv": [14.5, 4.0625, 14.625, 4.4375], "texture": "#0"},
				"east": {"uv": [13.75, 4.0625, 14.5, 4.4375], "texture": "#0"},
				"south": {"uv": [15.375, 4.0625, 15.5, 4.4375], "texture": "#0"},
				"west": {"uv": [14.625, 4.0625, 15.375, 4.4375], "texture": "#0"},
				"up": {"uv": [14.625, 4.0625, 14.5, 3.3125], "texture": "#0"},
				"down": {"uv": [14.75, 3.3125, 14.625, 4.0625], "texture": "#0"}
			}
		},
		{
			"name": "neck",
			"from": [7.51332, 6.47554, 2.39115],
			"to": [8.47332, 7.43554, 3.35115],
			"rotation": {"angle": 0, "axis": "y", "origin": [7.99973, 6.98924, 8.10452]},
			"faces": {
				"north": {"uv": [12.625, 7.125, 13.25, 7.75], "texture": "#0"},
				"east": {"uv": [12, 7.125, 12.625, 7.75], "texture": "#0"},
				"south": {"uv": [13.875, 7.125, 14.5, 7.75], "texture": "#0"},
				"west": {"uv": [13.25, 7.125, 13.875, 7.75], "texture": "#0"},
				"up": {"uv": [13.25, 7.125, 12.625, 6.5], "texture": "#0"},
				"down": {"uv": [13.875, 6.5, 13.25, 7.125], "texture": "#0"}
			}
		},
		{
			"name": "neck",
			"from": [7.89732, 7.43554, 2.58315],
			"to": [8.08932, 7.81954, 3.15915],
			"rotation": {"angle": 0, "axis": "y", "origin": [7.99973, 6.98924, 8.10452]},
			"faces": {
				"north": {"uv": [3.375, 0.375, 3.5, 0.625], "texture": "#0"},
				"east": {"uv": [3, 0.375, 3.375, 0.625], "texture": "#0"},
				"south": {"uv": [3.875, 0.375, 4, 0.625], "texture": "#0"},
				"west": {"uv": [3.5, 0.375, 3.875, 0.625], "texture": "#0"},
				"up": {"uv": [3.5, 0.375, 3.375, 0], "texture": "#0"},
				"down": {"uv": [3.625, 0, 3.5, 0.375], "texture": "#0"}
			}
		},
		{
			"name": "neck",
			"from": [7.51332, 6.47554, 1.43115],
			"to": [8.47332, 7.43554, 2.39115],
			"rotation": {"angle": 0, "axis": "y", "origin": [7.99973, 6.98924, 8.10452]},
			"faces": {
				"north": {"uv": [12.625, 7.125, 13.25, 7.75], "texture": "#0"},
				"east": {"uv": [12, 7.125, 12.625, 7.75], "texture": "#0"},
				"south": {"uv": [13.875, 7.125, 14.5, 7.75], "texture": "#0"},
				"west": {"uv": [13.25, 7.125, 13.875, 7.75], "texture": "#0"},
				"up": {"uv": [13.25, 7.125, 12.625, 6.5], "texture": "#0"},
				"down": {"uv": [13.875, 6.5, 13.25, 7.125], "texture": "#0"}
			}
		},
		{
			"name": "neck",
			"from": [7.89732, 7.43554, 1.62315],
			"to": [8.08932, 7.81954, 2.19915],
			"rotation": {"angle": 0, "axis": "y", "origin": [7.99973, 6.98924, 8.10452]},
			"faces": {
				"north": {"uv": [3.375, 0.375, 3.5, 0.625], "texture": "#0"},
				"east": {"uv": [3, 0.375, 3.375, 0.625], "texture": "#0"},
				"south": {"uv": [3.875, 0.375, 4, 0.625], "texture": "#0"},
				"west": {"uv": [3.5, 0.375, 3.875, 0.625], "texture": "#0"},
				"up": {"uv": [3.5, 0.375, 3.375, 0], "texture": "#0"},
				"down": {"uv": [3.625, 0, 3.5, 0.375], "texture": "#0"}
			}
		},
		{
			"name": "neck",
			"from": [7.51332, 6.47554, 0.47115],
			"to": [8.47332, 7.43554, 1.43115],
			"rotation": {"angle": 0, "axis": "y", "origin": [7.99973, 6.98924, 8.10452]},
			"faces": {
				"north": {"uv": [12.625, 7.125, 13.25, 7.75], "texture": "#0"},
				"east": {"uv": [12, 7.125, 12.625, 7.75], "texture": "#0"},
				"south": {"uv": [13.875, 7.125, 14.5, 7.75], "texture": "#0"},
				"west": {"uv": [13.25, 7.125, 13.875, 7.75], "texture": "#0"},
				"up": {"uv": [13.25, 7.125, 12.625, 6.5], "texture": "#0"},
				"down": {"uv": [13.875, 6.5, 13.25, 7.125], "texture": "#0"}
			}
		},
		{
			"name": "neck",
			"from": [7.89732, 7.43554, 0.66315],
			"to": [8.08932, 7.81954, 1.23915],
			"rotation": {"angle": 0, "axis": "y", "origin": [7.99973, 6.98924, 8.10452]},
			"faces": {
				"north": {"uv": [3.375, 0.375, 3.5, 0.625], "texture": "#0"},
				"east": {"uv": [3, 0.375, 3.375, 0.625], "texture": "#0"},
				"south": {"uv": [3.875, 0.375, 4, 0.625], "texture": "#0"},
				"west": {"uv": [3.5, 0.375, 3.875, 0.625], "texture": "#0"},
				"up": {"uv": [3.5, 0.375, 3.375, 0], "texture": "#0"},
				"down": {"uv": [3.625, 0, 3.5, 0.375], "texture": "#0"}
			}
		},
		{
			"name": "neck",
			"from": [7.51332, 6.47554, -0.48885],
			"to": [8.47332, 7.43554, 0.47115],
			"rotation": {"angle": 0, "axis": "y", "origin": [7.99973, 6.98924, 8.10452]},
			"faces": {
				"north": {"uv": [12.625, 7.125, 13.25, 7.75], "texture": "#0"},
				"east": {"uv": [12, 7.125, 12.625, 7.75], "texture": "#0"},
				"south": {"uv": [13.875, 7.125, 14.5, 7.75], "texture": "#0"},
				"west": {"uv": [13.25, 7.125, 13.875, 7.75], "texture": "#0"},
				"up": {"uv": [13.25, 7.125, 12.625, 6.5], "texture": "#0"},
				"down": {"uv": [13.875, 6.5, 13.25, 7.125], "texture": "#0"}
			}
		},
		{
			"name": "neck",
			"from": [7.89732, 7.43554, -0.29685],
			"to": [8.08932, 7.81954, 0.27915],
			"rotation": {"angle": 0, "axis": "y", "origin": [7.99973, 6.98924, 8.10452]},
			"faces": {
				"north": {"uv": [3.375, 0.375, 3.5, 0.625], "texture": "#0"},
				"east": {"uv": [3, 0.375, 3.375, 0.625], "texture": "#0"},
				"south": {"uv": [3.875, 0.375, 4, 0.625], "texture": "#0"},
				"west": {"uv": [3.5, 0.375, 3.875, 0.625], "texture": "#0"},
				"up": {"uv": [3.5, 0.375, 3.375, 0], "texture": "#0"},
				"down": {"uv": [3.625, 0, 3.5, 0.375], "texture": "#0"}
			}
		},
		{
			"name": "neck",
			"from": [7.51332, 6.47554, -1.44885],
			"to": [8.47332, 7.43554, -0.48885],
			"rotation": {"angle": 0, "axis": "y", "origin": [7.99973, 6.98924, 8.10452]},
			"faces": {
				"north": {"uv": [12.625, 7.125, 13.25, 7.75], "texture": "#0"},
				"east": {"uv": [12, 7.125, 12.625, 7.75], "texture": "#0"},
				"south": {"uv": [13.875, 7.125, 14.5, 7.75], "texture": "#0"},
				"west": {"uv": [13.25, 7.125, 13.875, 7.75], "texture": "#0"},
				"up": {"uv": [13.25, 7.125, 12.625, 6.5], "texture": "#0"},
				"down": {"uv": [13.875, 6.5, 13.25, 7.125], "texture": "#0"}
			}
		},
		{
			"name": "neck",
			"from": [7.89732, 7.43554, -1.25685],
			"to": [8.08932, 7.81954, -0.68085],
			"rotation": {"angle": 0, "axis": "y", "origin": [7.99973, 6.98924, 8.10452]},
			"faces": {
				"north": {"uv": [3.375, 0.375, 3.5, 0.625], "texture": "#0"},
				"east": {"uv": [3, 0.375, 3.375, 0.625], "texture": "#0"},
				"south": {"uv": [3.875, 0.375, 4, 0.625], "texture": "#0"},
				"west": {"uv": [3.5, 0.375, 3.875, 0.625], "texture": "#0"},
				"up": {"uv": [3.5, 0.375, 3.375, 0], "texture": "#0"},
				"down": {"uv": [3.625, 0, 3.5, 0.375], "texture": "#0"}
			}
		},
		{
			"name": "head",
			"from": [7.41732, 6.57154, -4.32885],
			"to": [8.56932, 7.05154, -2.79285],
			"rotation": {"angle": 0, "axis": "y", "origin": [7.99973, 6.98924, 8.10452]},
			"faces": {
				"north": {"uv": [12, 3.75, 12.75, 4.0625], "texture": "#0"},
				"east": {"uv": [11, 3.75, 12, 4.0625], "texture": "#0"},
				"south": {"uv": [13.75, 3.75, 14.5, 4.0625], "texture": "#0"},
				"west": {"uv": [12.75, 3.75, 13.75, 4.0625], "texture": "#0"},
				"up": {"uv": [12.75, 3.75, 12, 2.75], "texture": "#0"},
				"down": {"uv": [13.5, 2.75, 12.75, 3.75], "texture": "#0"}
			}
		},
		{
			"name": "head",
			"from": [7.22532, 6.18754, -2.98485],
			"to": [8.76132, 7.72354, -1.44885],
			"rotation": {"angle": 0, "axis": "y", "origin": [7.99973, 6.98924, 8.10452]},
			"faces": {
				"north": {"uv": [8, 2.875, 9, 3.875], "texture": "#0"},
				"east": {"uv": [7, 2.875, 8, 3.875], "texture": "#0"},
				"south": {"uv": [10, 2.875, 11, 3.875], "texture": "#0"},
				"west": {"uv": [9, 2.875, 10, 3.875], "texture": "#0"},
				"up": {"uv": [9, 2.875, 8, 1.875], "texture": "#0"},
				"down": {"uv": [10, 1.875, 9, 2.875], "texture": "#0"}
			}
		},
		{
			"name": "head",
			"from": [8.28132, 7.72354, -2.40885],
			"to": [8.47332, 8.10754, -1.83285],
			"shade": false,
			"rotation": {"angle": 0, "axis": "y", "origin": [7.99973, 6.98924, 8.10452]},
			"faces": {
				"north": {"uv": [0.5, 0.375, 0.375, 0.625], "texture": "#0"},
				"east": {"uv": [0.875, 0.375, 0.5, 0.625], "texture": "#0"},
				"south": {"uv": [1, 0.375, 0.875, 0.625], "texture": "#0"},
				"west": {"uv": [0.375, 0.375, 0, 0.625], "texture": "#0"},
				"up": {"uv": [0.375, 0.375, 0.5, 0], "texture": "#0"},
				"down": {"uv": [0.5, 0, 0.625, 0.375], "texture": "#0"}
			}
		},
		{
			"name": "head",
			"from": [8.28132, 7.05154, -4.13685],
			"to": [8.47332, 7.24354, -3.75285],
			"shade": false,
			"rotation": {"angle": 0, "axis": "y", "origin": [7.99973, 6.98924, 8.10452]},
			"faces": {
				"north": {"uv": [7.375, 0.25, 7.25, 0.375], "texture": "#0"},
				"east": {"uv": [7.625, 0.25, 7.375, 0.375], "texture": "#0"},
				"south": {"uv": [7.75, 0.25, 7.625, 0.375], "texture": "#0"},
				"west": {"uv": [7.25, 0.25, 7, 0.375], "texture": "#0"},
				"up": {"uv": [7.25, 0.25, 7.375, 0], "texture": "#0"},
				"down": {"uv": [7.375, 0, 7.5, 0.25], "texture": "#0"}
			}
		},
		{
			"name": "head",
			"from": [7.51332, 7.72354, -2.40885],
			"to": [7.70532, 8.10754, -1.83285],
			"rotation": {"angle": 0, "axis": "y", "origin": [7.99973, 6.98924, 8.10452]},
			"faces": {
				"north": {"uv": [0.375, 0.375, 0.5, 0.625], "texture": "#0"},
				"east": {"uv": [0, 0.375, 0.375, 0.625], "texture": "#0"},
				"south": {"uv": [0.875, 0.375, 1, 0.625], "texture": "#0"},
				"west": {"uv": [0.5, 0.375, 0.875, 0.625], "texture": "#0"},
				"up": {"uv": [0.5, 0.375, 0.375, 0], "texture": "#0"},
				"down": {"uv": [0.625, 0, 0.5, 0.375], "texture": "#0"}
			}
		},
		{
			"name": "head",
			"from": [7.51332, 7.05154, -4.13685],
			"to": [7.70532, 7.24354, -3.75285],
			"rotation": {"angle": 0, "axis": "y", "origin": [7.99973, 6.98924, 8.10452]},
			"faces": {
				"north": {"uv": [7.25, 0.25, 7.375, 0.375], "texture": "#0"},
				"east": {"uv": [7, 0.25, 7.25, 0.375], "texture": "#0"},
				"south": {"uv": [7.625, 0.25, 7.75, 0.375], "texture": "#0"},
				"west": {"uv": [7.375, 0.25, 7.625, 0.375], "texture": "#0"},
				"up": {"uv": [7.375, 0.25, 7.25, 0], "texture": "#0"},
				"down": {"uv": [7.5, 0, 7.375, 0.25], "texture": "#0"}
			}
		},
		{
			"name": "jaw",
			"from": [7.41732, 6.18754, -4.32885],
			"to": [8.56932, 6.57154, -2.79285],
			"rotation": {"angle": 0, "axis": "y", "origin": [7.99973, 6.98924, 8.10452]},
			"faces": {
				"north": {"uv": [12, 5.0625, 12.75, 5.3125], "texture": "#0"},
				"east": {"uv": [11, 5.0625, 12, 5.3125], "texture": "#0"},
				"south": {"uv": [13.75, 5.0625, 14.5, 5.3125], "texture": "#0"},
				"west": {"uv": [12.75, 5.0625, 13.75, 5.3125], "texture": "#0"},
				"up": {"uv": [12.75, 5.0625, 12, 4.0625], "texture": "#0"},
				"down": {"uv": [13.5, 4.0625, 12.75, 5.0625], "texture": "#0"}
			}
		}
	],
	"display": {
		"head": {
			"scale": [4, 4, 4]
		}
	},
	"groups": [
		{
			"name": "drag",
			"origin": [0, 0, -6],
			"children": [
				{
					"name": "tail",
					"origin": [0, 0.224, 0.296],
					"children": [0, 1,
						{
							"name": "tail2",
							"origin": [0, 0.224, 0.456],
							"children": [2, 3,
								{
									"name": "tail3",
									"origin": [0, 0.224, 0.616],
									"children": [4, 5,
										{
											"name": "tail4",
											"origin": [0, 0.224, 0.776],
											"children": [6, 7,
												{
													"name": "tail5",
													"origin": [0, 0.224, 0.936],
													"children": [8, 9,
														{
															"name": "tail6",
															"origin": [0, 0.224, 1.096],
															"children": [10, 11,
																{
																	"name": "tail7",
																	"origin": [0, 0.224, 1.256],
																	"children": [12, 13,
																		{
																			"name": "tail8",
																			"origin": [0, 0.224, 1.416],
																			"children": [14, 15,
																				{
																					"name": "tail9",
																					"origin": [0, 0.224, 1.576],
																					"children": [16, 17,
																						{
																							"name": "tail10",
																							"origin": [0, 0.224, 1.736],
																							"children": [18, 19,
																								{
																									"name": "tail11",
																									"origin": [0, 0.224, 1.896],
																									"children": [20, 21,
																										{
																											"name": "tail12",
																											"origin": [0, 0.224, 2.056],
																											"children": [22, 23]
																										}
																									]
																								}
																							]
																						}
																					]
																				}
																			]
																		}
																	]
																}
															]
														}
													]
												}
											]
										}
									]
								}
							]
						}
					]
				},
				{
					"name": "frontleg1",
					"origin": [-0.192, 0.064, -0.568],
					"shade": false,
					"children": [24,
						{
							"name": "frontlegtip1",
							"origin": [-0.192, -0.256, -0.568],
							"shade": false,
							"children": [25,
								{
									"name": "frontfoot1",
									"origin": [-0.192, -0.608, -0.568],
									"shade": false,
									"children": [26]
								}
							]
						}
					]
				},
				{
					"name": "frontleg",
					"origin": [0.192, 0.064, -0.568],
					"children": [27,
						{
							"name": "frontlegtip",
							"origin": [0.192, -0.256, -0.568],
							"children": [28,
								{
									"name": "frontfoot",
									"origin": [0.192, -0.608, -0.568],
									"children": [29]
								}
							]
						}
					]
				},
				{
					"name": "rearleg1",
					"origin": [-0.256, 0.128, 0.072],
					"shade": false,
					"children": [30,
						{
							"name": "rearlegtip1",
							"origin": [-0.256, -0.32, 0.088],
							"shade": false,
							"children": [31,
								{
									"name": "rearfoot1",
									"origin": [-0.256, -0.832, 0.056],
									"shade": false,
									"children": [32]
								}
							]
						}
					]
				},
				{
					"name": "rearleg",
					"origin": [0.256, 0.128, 0.072],
					"children": [33,
						{
							"name": "rearlegtip",
							"origin": [0.256, -0.32, 0.088],
							"children": [34,
								{
									"name": "rearfoot",
									"origin": [0.256, -0.832, 0.056],
									"children": [35]
								}
							]
						}
					]
				}, 36, 37,
				{
					"name": "wingtip1",
					"origin": [-1.088, 0.304, -0.6],
					"shade": false,
					"children": []
				}, 38, 39,
				{
					"name": "wing1",
					"origin": [-0.192, 0.304, -0.568],
					"shade": false,
					"children": []
				},
				{
					"name": "wing",
					"origin": [0.192, 0.304, -0.568],
					"children": [40, 41,
						{
							"name": "wingtip",
							"origin": [1.088, 0.304, -0.6],
							"children": [42, 43]
						}
					]
				},
				{
					"name": "body",
					"origin": [0, 0.32, -0.472],
					"children": [44, 45, 46, 47]
				},
				{
					"name": "neck",
					"origin": [0, 0.112, -0.728],
					"children": [48, 49,
						{
							"name": "neck2",
							"origin": [0, 0.112, -0.888],
							"children": [50, 51,
								{
									"name": "neck3",
									"origin": [0, 0.112, -1.048],
									"children": [52, 53,
										{
											"name": "neck4",
											"origin": [0, 0.112, -1.208],
											"children": [54, 55,
												{
													"name": "neck5",
													"origin": [0, 0.112, -1.368],
													"children": [56, 57,
														{
															"name": "head",
															"origin": [0, 0.112, -1.528],
															"children": [58, 59, 60, 61, 62, 63,
																{
																	"name": "jaw",
																	"origin": [0, 0.048, -1.736],
																	"children": [64]
																}
															]
														}
													]
												}
											]
										}
									]
								}
							]
						},
						{
							"name": "bone",
							"origin": [0, 0, -0.6],
							"children": []
						}
					]
				}
			]
		}
	]
}