{"credit": "Made with Brickbench", "parent": "item/cards/template", "textures": {"background": "item/card/baby_slime/background", "foreground": "item/card/baby_slime/foreground", "description": "item/card/baby_slime/description", "cost": "item/card/number/left/0", "health": "item/card/number/right/1", "attack": "item/card/number/left/0", "armor": "item/card/number/right/0", "speed": "item/card/number/left/1", "range": "item/card/number/right/1", "rarity": "item/card/front_unknown", "trait_1": "item/card/empty", "trait_2": "item/card/empty", "trait_3": "item/card/empty", "trait_4": "item/card/empty", "trait_5": "item/card/empty", "trait_6": "item/card/empty"}}