{"credit": "Made with Brickbench", "parent": "item/cards/template", "textures": {"background": "item/card/killer_rabbit/background", "foreground": "item/card/killer_rabbit/foreground", "description": "item/card/killer_rabbit/description", "cost": "item/card/number/left/8", "health": "item/card/number/right/1", "attack": "item/card/number/left/10", "armor": "item/card/number/right/0", "speed": "item/card/number/left/2", "range": "item/card/number/right/1", "rarity": "item/card/front_rare", "trait_1": "item/card/empty", "trait_2": "item/card/empty", "trait_3": "item/card/empty", "trait_4": "item/card/empty", "trait_5": "item/card/empty", "trait_6": "item/card/empty"}}