{"credit": "Made with Brickbench", "parent": "item/cards/template", "textures": {"background": "item/card/phantom/background", "foreground": "item/card/phantom/foreground", "description": "item/card/phantom/description", "cost": "item/card/number/left/14", "health": "item/card/number/right/5", "attack": "item/card/number/left/4", "armor": "item/card/number/right/0", "speed": "item/card/number/left/3", "range": "item/card/number/right/1", "rarity": "item/card/front_uncommon", "trait_1": "item/card/flying", "trait_2": "item/card/undead", "trait_3": "item/card/empty", "trait_4": "item/card/empty", "trait_5": "item/card/empty", "trait_6": "item/card/empty"}}