{"credit": "Made with Brickbench", "parent": "item/cards/template", "textures": {"background": "item/card/piglin_brute/background", "foreground": "item/card/piglin_brute/foreground", "description": "item/card/piglin_brute/description", "cost": "item/card/number/left/16", "health": "item/card/number/right/5", "attack": "item/card/number/left/9", "armor": "item/card/number/right/3", "speed": "item/card/number/left/2", "range": "item/card/number/right/1", "rarity": "item/card/front_rare", "trait_1": "item/card/gold", "trait_2": "item/card/empty", "trait_3": "item/card/empty", "trait_4": "item/card/empty", "trait_5": "item/card/empty", "trait_6": "item/card/empty"}}