{"credit": "Made with Brickbench", "parent": "item/cards/template", "textures": {"background": "item/card/pillager/background", "foreground": "item/card/pillager/foreground", "description": "item/card/pillager/description", "cost": "item/card/number/left/9", "health": "item/card/number/right/4", "attack": "item/card/number/left/1", "armor": "item/card/number/right/0", "speed": "item/card/number/left/2", "range": "item/card/number/right/3", "rarity": "item/card/front_common", "trait_1": "item/card/emerald", "trait_2": "item/card/empty", "trait_3": "item/card/empty", "trait_4": "item/card/empty", "trait_5": "item/card/empty", "trait_6": "item/card/empty"}}