{"credit": "Made with Brickbench", "parent": "item/cards/template", "textures": {"background": "item/card/slime/background", "foreground": "item/card/slime/foreground", "description": "item/card/slime/description", "cost": "item/card/number/left/5", "health": "item/card/number/right/3", "attack": "item/card/number/left/2", "armor": "item/card/number/right/0", "speed": "item/card/number/left/1", "range": "item/card/number/right/1", "rarity": "item/card/front_common", "trait_1": "item/card/empty", "trait_2": "item/card/empty", "trait_3": "item/card/empty", "trait_4": "item/card/empty", "trait_5": "item/card/empty", "trait_6": "item/card/empty"}}