{"credit": "Made with Brickbench", "parent": "item/cards/template", "textures": {"background": "item/card/wolf/background", "foreground": "item/card/wolf/foreground", "description": "item/card/wolf/description", "cost": "item/card/number/left/7", "health": "item/card/number/right/3", "attack": "item/card/number/left/4", "armor": "item/card/number/right/0", "speed": "item/card/number/left/2", "range": "item/card/number/right/1", "rarity": "item/card/front_uncommon", "trait_1": "item/card/ambush", "trait_2": "item/card/empty", "trait_3": "item/card/empty", "trait_4": "item/card/empty", "trait_5": "item/card/empty", "trait_6": "item/card/empty"}}