{"credit": "Made with Brickbench", "parent": "item/cards/template", "textures": {"background": "item/card/zoglin/background", "foreground": "item/card/zoglin/foreground", "description": "item/card/zoglin/description", "cost": "item/card/number/left/8", "health": "item/card/number/right/3", "attack": "item/card/number/left/7", "armor": "item/card/number/right/0", "speed": "item/card/number/left/2", "range": "item/card/number/right/1", "rarity": "item/card/front_rare", "trait_1": "item/card/fire", "trait_2": "item/card/undead", "trait_3": "item/card/empty", "trait_4": "item/card/empty", "trait_5": "item/card/empty", "trait_6": "item/card/empty"}}