{"credit": "Made with Brickbench", "parent": "item/cards/template", "textures": {"background": "item/card/zombified_piglin/background", "foreground": "item/card/zombified_piglin/foreground", "description": "item/card/zombified_piglin/description", "cost": "item/card/number/left/5", "health": "item/card/number/right/4", "attack": "item/card/number/left/2", "armor": "item/card/number/right/1", "speed": "item/card/number/left/2", "range": "item/card/number/right/1", "rarity": "item/card/front_common", "trait_1": "item/card/fire", "trait_2": "item/card/undead", "trait_3": "item/card/empty", "trait_4": "item/card/empty", "trait_5": "item/card/empty", "trait_6": "item/card/empty"}}